Rank,Username,Categories,Suscribers,Country,Visits,Likes,Comments,Links
1,tseries,M??sica y baile,249500000,India,86200,2700,78,http://youtube.com/channel/UCq-Fj5jknLsUf-MWSy4_brA
2,MrBeast,"Videojuegos, Humor",183500000,Estados Unidos,117400000,5300000,18500,http://youtube.com/channel/UCX6OQ3DkcsbYNE6H8uQQuVA
6,PewDiePie,"Pel?­culas, Videojuegos",111500000,Estados Unidos,2400000,197300,4900,http://youtube.com/channel/UC-lHJZR3Gqxm24_Vd_AJ5Yw
9,zeemusiccompany,M??sica y baile,99700000,India,74300,2600,32,http://youtube.com/channel/UCFFbwnve3yF62-tVXkTyHqg
10,WWE,Videojuegos,97200000,Estados Unidos,184500,6300,214,http://youtube.com/channel/UCJ5v_MCY6GNUBTO8-D3XoAg
11,BLACKPINK,M??sica y baile,91300000,Estados Unidos,863200,146900,3400,http://youtube.com/channel/UCOmHUn--16B90oW2L6FRR3A
13,SonySAB,"Pel?­culas, Animaci?³n",85400000,India,35500,615,21,http://youtube.com/channel/UC6-F5tO8uklgE9Zy8IvbdFw
14,5MinuteCraftsYouTube,Pel?­culas,80300000,India,164600,703,35,http://youtube.com/channel/UC295-Dw_tDNtZXFeAPAW6Aw
15,BTS,M??sica y baile,76500000,India,969700,180300,7400,http://youtube.com/channel/UCLkAepWjdylmXSltofFvsYQ
16,HYBELABELS,M??sica y baile,72700000,Estados Unidos,440700,23900,932,http://youtube.com/channel/UC3IZKseVpdzPSBaWxBxundA
20,KondZilla,M??sica y baile,66600000,Brasil,30400,1100,4,http://youtube.com/channel/UCffDXn7ycAzwL2LDlbyWOTw
22,filmigaane,M??sica y baile,66400000,India,33000,392,18,http://youtube.com/channel/UCP6uH_XlsxrXwZQ4DlqbqPg
23,TSeriesBhaktiSagar,M??sica y baile,62600000,India,24900,983,35,http://youtube.com/channel/UCaayLD9i5x4MmIoVZxXSv_g
24,tipsofficial,M??sica y baile,60900000,India,80200,935,22,http://youtube.com/channel/UCJrDMFOdv1I2k8n9oK_V21w
25,MOVIECLIPS,"Pel?­culas, Animaci?³n",59900000,Estados Unidos,16600,231,9,http://youtube.com/channel/UC3gNmTGu-TTbFPpfSs5kNkg
27,dudeperfect,Videojuegos,59700000,Estados Unidos,5300000,156500,4200,http://youtube.com/channel/UCRijo3ddMTht_IHyNSNXpNQ
28,aajtak,Noticias y Pol?­tica,58900000,India,7600,229,4,http://youtube.com/channel/UCt4t-jeY85JegMlZ-E5UWtA
30,SonyMusicIndia,M??sica y baile,57900000,India,26300,964,21,http://youtube.com/channel/UC56gTxNs4f9xZ7Pa2i5xNzg
31,marshmello,M??sica y baile,56700000,Estados Unidos,145900,8900,167,http://youtube.com/channel/UCEdvpU2pFRCVqU6yIPyTpMQ
32,yrf,M??sica y baile,55700000,India,60300,2100,33,http://youtube.com/channel/UCbTLwN10NoCU4WDzLf1JMOA
34,LooLooKids,M??sica y baile,54800000,Estados Unidos,595600,2700,0,http://youtube.com/channel/UC4NALVCmcmL5ntpV0thoH6w
35,TaylorSwift,M??sica y baile,54100000,Estados Unidos,4300000,300400,15000,http://youtube.com/channel/UCqECaJ8Gagnn7YCbPEzWH6g
36,EdSheeran,M??sica y baile,53700000,Estados Unidos,144200,10200,345,http://youtube.com/channel/UC0C-w0YjGpqDXGB8IHb662A
38,ArianaGrande,M??sica y baile,52900000,Estados Unidos,1100000,85800,3800,http://youtube.com/channel/UC9CoOnJkIBMdeijd9qYoT_g
40,JuegaGerman,"Pel?­culas, Animaci?³n",48600000,M?©xico,2000000,117100,3000,http://youtube.com/channel/UCYiGq8XF7YQD00x7wAd62Zg
41,BillieEilish,M??sica y baile,48600000,Estados Unidos,208100,27200,476,http://youtube.com/channel/UCiGm_E4ZwYSHV3bcW1pnSeQ
43,sonymusicindiaVEVO,M??sica y baile,47500000,India,36600,664,28,http://youtube.com/channel/UC3MLnJtqc_phABBriLRhtgQ
44,A4a4a4a4,"Animaci?³n, Humor",47300000,Rusia,9700000,330400,22000,http://youtube.com/channel/UC2tsySbe9TNrI-xh2lximHA
46,HarPalGeoOfficial,"Pel?­culas, Animaci?³n",46400000,Pakist??n,11000,299,2,http://youtube.com/channel/UCe9JSDmyqNgA_l2BzGHq1Ug
54,Shakira,Videojuegos,44400000,Estados Unidos,102100,8200,210,http://youtube.com/channel/UCYLNGLIzMhRTi6ZOLjAPSmw
55,whindersson,"M??sica y baile, Animaci?³n",44400000,Brasil,174600,35700,154,http://youtube.com/channel/UC3KQ5GWANYF8lChqjZpXsQw
57,Alanwalkermusic,"M??sica y baile, Pel?­culas",44000000,Estados Unidos,124700,8200,205,http://youtube.com/channel/UCJrOtniJ0-NWz37R30urifQ
59,Mikecrack,"Pel?­culas, Animaci?³n",43400000,M?©xico,2200000,183400,1800,http://youtube.com/channel/UCqJ5zFEED1hWs0KNQCQuYdQ
61,speedrecords,M??sica y baile,42900000,India,21100,1100,30,http://youtube.com/channel/UCOsyDsO5tIt-VZ1iwjdQmew
63,KimberlyLoaiza,M??sica y baile,42100000,M?©xico,5300000,271300,16000,http://youtube.com/channel/UCQZfFRohQ7UX-0CdXl-6pwQ
64,IshtarMusic,M??sica y baile,42100000,India,32600,994,9,http://youtube.com/channel/UCWi_65E_L8tQZ34C6wVAlpQ
68,CarryMinati,"Pel?­culas, Humor",40300000,India,0,0,0,http://youtube.com/channel/UCj22tfcQrWG7EMEKS0qLeEg
69,luccastoon,"Pel?­culas, Animaci?³n",40100000,Brasil,588600,13100,0,http://youtube.com/channel/UC_gV70G_Y51LTa3qhu8KiEA
71,JessNoLimit,"Pel?­culas, Animaci?³n",39600000,Indonesia,1300000,73500,1600,http://youtube.com/channel/UCvh1at6xpV1ytYOAzxmqUsA
72,xxxtentacion,M??sica y baile,39500000,Estados Unidos,225700,28500,2900,http://youtube.com/channel/UCM9r1xn6s30OnlJWb-jc3Sw
75,gr6explode,M??sica y baile,39300000,Brasil,120300,5700,236,http://youtube.com/channel/UCNUQK9mQoqi4yNXw2_Rj6SA
77,GaaneSuneAnsune,M??sica y baile,39100000,India,28800,211,9,http://youtube.com/channel/UCtW7qWjpCZ8zps-Cf2NF26w
78,shfa-1,Vlogs diarios,39100000,Francia,5300000,57300,0,http://youtube.com/channel/UCwHE1kM1CPJd_pI9FQ0-4dg
81,DaddyYankee,M??sica y baile,38300000,Colombia,82800,6500,123,http://youtube.com/channel/UC9TO_oo4c_LrOiKNaY6aysA
87,PowerKidstv,"Pel?­culas, Animaci?³n",37400000,India,41700,0,0,http://youtube.com/channel/UCj-SWZSE0AmotGSQ3apROHw
90,SaregamaMusic,Pel?­culas,37000000,India,27300,703,26,http://youtube.com/channel/UC_A7K2dXFsTMAciGmnNxy-Q
91,RicisOfficial1795,"M??sica y baile, Pel?­culas",36900000,Indonesia,343800,27500,357,http://youtube.com/channel/UC4tS4Q_Cno5JVcIUXxQOOpA
93,IndiaTV,Noticias y Pol?­tica,36700000,India,14300,255,3,http://youtube.com/channel/UCttspZesZIDEwwpVIgoZtWQ
95,tseriesoldisgold,M??sica y baile,36500000,India,41100,1200,8,http://youtube.com/channel/UCRm96I5kmb_iGFofE5N691w
96,Ozuna,M??sica y baile,36300000,Estados Unidos,22700,2400,76,http://youtube.com/channel/UCjIA3wwhi0QjSOXAZwOXbPA
97,TotalGaming093,"Pel?­culas, Videojuegos",36300000,India,1500000,129400,4900,http://youtube.com/channel/UC5c9VlYTSvBSCaoMu_GI6gQ
101,markiplier,"Animaci?³n, Videojuegos",35500000,Estados Unidos,2100000,126500,3800,http://youtube.com/channel/UC7_YxT-KID8kRbqZo7MyscQ
102,tseriesapnapunjab,M??sica y baile,35000000,India,23300,601,27,http://youtube.com/channel/UCcvNYxWXR_5TjVK7cSCdW-g
105,YOLOAVENTURAS,"Pel?­culas, Animaci?³n",34600000,M?©xico,1100000,73600,0,http://youtube.com/channel/UCOnIJiQuk1fDSp6p1GCZy3A
106,GeetMP3,M??sica y baile,34500000,India,0,0,0,http://youtube.com/channel/UClZF7OsrECe3t_ADrjZEh_Q
109,jbalvin,"Animaci?³n, Videojuegos",34200000,Colombia,16900,1600,60,http://youtube.com/channel/UCt-k6JwNWHMXDBGm9IYHdsg
110,SSSniperWolf,"Animaci?³n, Humor",34200000,Estados Unidos,1200000,34600,2100,http://youtube.com/channel/UCpB959t8iPrxQWj7G6n0ctQ
112,vegetta777,"Pel?­culas, Animaci?³n",34000000,M?©xico,249900,19400,209,http://youtube.com/channel/UCam8T03EOFBsNdR0thrFHdQ
113,NoCopyrightSounds,M??sica y baile,33600000,Estados Unidos,191100,6900,363,http://youtube.com/channel/UC_aEa8K-EOJ3D6gOs7HcyNg
116,DisneyMusicVEVO,"M??sica y baile, Pel?­culas",33200000,Estados Unidos,276900,3200,198,http://youtube.com/channel/UCgwv23FVv3lqh567yagXfNg
117,KarolG,M??sica y baile,33000000,Colombia,74000,2700,165,http://youtube.com/channel/UCZuPJZ2kGFdlbQu1qotZaHw
120,erosentertainment,Pel?­culas,33000000,India,7100,93,5,http://youtube.com/channel/UCX52tYZiEh_mHoFja3Veciw
122,LucasandMarcus,"Animaci?³n, Humor",32800000,Estados Unidos,706100,23300,504,http://youtube.com/channel/UCwD4x63A9KC7Si2RuSfg-SA
123,AboFlah,"Animaci?³n, Videojuegos",32700000,Iraq,3300000,382000,11400,http://youtube.com/channel/UCqq5n-Oe-r1EEHI3yvhVJcA
125,FrostDiamond,"Pel?­culas, Animaci?³n",32600000,Indonesia,316200,13200,386,http://youtube.com/channel/UC4hGmH5sABOA70D4fGb8qNQ
126,MrBean,"Pel?­culas, Humor",32400000,India,204400,1800,73,http://youtube.com/channel/UCkAGrHCLFmlK3H2kd6isipg
127,WorldwideRecordsBhojpuri,M??sica y baile,32200000,India,44200,1600,29,http://youtube.com/channel/UCbomPUMyPHCgrqD5iYnzj1A
128,rezendeevil,Pel?­culas,32200000,Brasil,413400,15600,153,http://youtube.com/channel/UCbTVTephX30ZhQF5zwFppBg
129,SMTOWN,M??sica y baile,32200000,Estados Unidos,132300,12700,505,http://youtube.com/channel/UCEf_Bc-KVd7onSeifS3py9g
131,zeenews,Noticias y Pol?­tica,32100000,India,14700,231,6,http://youtube.com/channel/UCIvaYmXn910QMdemBG3v1pQ
132,fedevigevani,"Animaci?³n, Humor",32000000,M?©xico,7700000,412200,17000,http://youtube.com/channel/UCoQm-PeHC-cbJclKJYJ8LzA
133,dream,"Animaci?³n, Videojuegos",31900000,Estados Unidos,3300000,309200,19000,http://youtube.com/channel/UCTkXRDQl0luXxVQrRQvWS6w
134,GENIALBrightSideSpanish,Animaci?³n,31800000,M?©xico,15500,524,21,http://youtube.com/channel/UCbrd1vu4_7qIE6IPV_dA-OA
137,MrBeast2,Vlogs diarios,31300000,Estados Unidos,83100000,5000000,11600,http://youtube.com/channel/UC4-79UOlP48-QNGgCko5p2g
141,ImagineDragons,M??sica y baile,31000000,Estados Unidos,77100,10700,217,http://youtube.com/channel/UCT9zcQNlyht7fRlcjmflRSA
143,AttaHalilintar,"M??sica y baile, Pel?­culas",30600000,Indonesia,155300,7600,108,http://youtube.com/channel/UCaKLg1ELiX0zTJ6Je3c5esA
144,enaldinho,Pel?­culas,30600000,Brasil,1800000,63400,838,http://youtube.com/channel/UC2bYhAHyaqfWlPXWBVk4BcA
146,jacksepticeye,"Animaci?³n, Humor",30400000,Estados Unidos,1600000,83400,2300,http://youtube.com/channel/UCYzPXprvl5Y-Sf0g4vX-m6g
147,TrapNation,M??sica y baile,30400000,Estados Unidos,47800,1600,60,http://youtube.com/channel/UCa10nxShhzNrCE1o2ZOPztg
149,TalkingTom,"Pel?­culas, Animaci?³n",30400000,Estados Unidos,201300,798,0,http://youtube.com/channel/UCm3hAp1m1xlAz0ve_EKAo4g
150,spinninrecords,M??sica y baile,30200000,Estados Unidos,31900,1200,33,http://youtube.com/channel/UCpDJl2EmP7Oh90Vylx0dZtA
154,DaFuqBoom,"Animaci?³n, Humor",29800000,Estados Unidos,52700000,1700000,82800,http://youtube.com/channel/UCsSsgPaZ2GSmO6il8Cb5iGA
155,ultrarecords,M??sica y baile,29800000,Estados Unidos,15800,607,21,http://youtube.com/channel/UC4rasfm9J-X4jNl9SvXp8xA
157,AlanChikinChow,"M??sica y baile, Humor",29700000,India,3600000,106500,428,http://youtube.com/channel/UC5gxP-2QqIh_09djvlm9Xcg
159,Maluma_Official,M??sica y baile,29400000,Colombia,226400,8500,275,http://youtube.com/channel/UClZuKq2m0Qu-HkopkSBLpEw
166,adityamusic,M??sica y baile,28800000,India,28200,568,14,http://youtube.com/channel/UCNApqoVYJbYSrni4YsbXzyQ
172,SandeepSeminars,Vlogs diarios,28000000,India,1200000,58500,4000,http://youtube.com/channel/UCBqFKDipsnzvJdt6UT0lMIg
173,LankyBox,"Animaci?³n, Videojuegos",28000000,Estados Unidos,346500,6300,200,http://youtube.com/channel/UCSf0s2ogUVYpJPuzW1zpAOg
175,JYPEntertainment,M??sica y baile,27800000,Estados Unidos,177700,8700,668,http://youtube.com/channel/UCaO6TYtlC8U5ttz62hTrZgg
178,DanTDM,"Animaci?³n, Videojuegos",27800000,Estados Unidos,3500000,285000,52500,http://youtube.com/channel/UCS5Oz6CHmeoF7vSad0qqXfw
179,wizkhalifa,M??sica y baile,27800000,Estados Unidos,87400,4100,305,http://youtube.com/channel/UCVp3nfGRxmMadNDuVbJSk8A
180,brentrivera,"Videojuegos, Humor",27600000,Estados Unidos,6400000,154100,5000,http://youtube.com/channel/UC56D-IHcUvLVFTX_8NpQMXg
181,NichLmao,Vlogs diarios,27500000,Estados Unidos,1500000,85800,1600,http://youtube.com/channel/UC6VAIqNQBc7ggiqvsOHOBqw
183,renatongarcia,"Pel?­culas, Animaci?³n",27200000,Brasil,748200,68800,833,http://youtube.com/channel/UChMJkHCD2wdvSO7CMOuLR-w
186,Netflix,"Pel?­culas, Animaci?³n",27000000,Estados Unidos,202600,2200,176,http://youtube.com/channel/UCWOA1ZGywLbqmigxE4Qlvuw
187,RaffyTulfoInAction,Noticias y Pol?­tica,26800000,Filipinas,398300,5300,443,http://youtube.com/channel/UCxhygwqQ1ZMoBGQM2yEcNug
190,indosiar,"M??sica y baile, Pel?­culas",26700000,Indonesia,18800,471,24,http://youtube.com/channel/UCYqOeAXJm8yV9sJ8Ud3cR7A
192,worldstarhiphop,M??sica y baile,26600000,Estados Unidos,40300,993,127,http://youtube.com/channel/UC-yXuc1__OzjwpsJPlxYUCQ
193,smosh,"Pel?­culas, Humor",26300000,Estados Unidos,289100,21300,214,http://youtube.com/channel/UCY30JRSgfhYXA6i6xX1erWg
196,nickiminaj,M??sica y baile,26100000,Estados Unidos,1600000,98300,7600,http://youtube.com/channel/UC3jOd7GUMhpgJRBhiLzuLsg
197,mariliamendoncareal,M??sica y baile,26100000,Brasil,0,0,0,http://youtube.com/channel/UCwfEOn0O1DWcyTgzVVu28ig
198,TheLallantop,Noticias y Pol?­tica,26000000,India,30800,822,52,http://youtube.com/channel/UCx8Z14PpntdaxCt2hakbQLQ
199,AGT,"M??sica y baile, Pel?­culas",25900000,Estados Unidos,186800,3100,197,http://youtube.com/channel/UCT2X19JJaJGUN7mrYuImANQ
200,davidguetta,M??sica y baile,25900000,Brasil,0,0,0,http://youtube.com/channel/UC1l7wYrva1qCH-wgqcHaaRg
202,postmalone,M??sica y baile,25900000,Estados Unidos,223100,13100,526,http://youtube.com/channel/UCeLHszkByNZtPKcaVXOCOQQ
203,VanossGaming,"Animaci?³n, Videojuegos",25900000,Estados Unidos,1300000,56500,1100,http://youtube.com/channel/UCKqH_9mk1waLgBiL2vT5b9g
205,abp_live,Noticias y Pol?­tica,25800000,India,2300,49,1,http://youtube.com/channel/UCmphdqZNmqL72WJ2uyiNw5w
206,LosPolinesios,"M??sica y baile, Pel?­culas",25700000,M?©xico,1400000,38400,866,http://youtube.com/channel/UCs8qka8tfhdc69wzXYdtZ3A
207,AlejoIgoa,Animaci?³n,25700000,Argentina,5700000,208400,1700,http://youtube.com/channel/UCZs0WwC0Dn_noiQE2BHSTKg
208,ZHCYT,"Dise?±o/arte, DIY y Life Hacks",25700000,Estados Unidos,2600000,127300,2200,http://youtube.com/channel/UClQubH2NeMmGLTLgNdLBwXg
209,RansEntertainment,Pel?­culas,25700000,Indonesia,365500,11400,399,http://youtube.com/channel/UCvA9_f5Lwk-poMynabtrZPg
211,coldplay,M??sica y baile,25500000,Estados Unidos,66900,3700,81,http://youtube.com/channel/UCDPM_n1atn2ijUwHd0NNRQw
212,ChrisBrownTV,M??sica y baile,25500000,Estados Unidos,102000,9700,354,http://youtube.com/channel/UCcYrdFJF7hmPXRNaWdrko4w
213,MarkRober,Ciencia y tecnolog?­a,25500000,Estados Unidos,479200,31700,329,http://youtube.com/channel/UCY1kMZp36IQSyNx_9h4mpCg
214,danrhodes,"Pel?­culas, Humor",25500000,Estados Unidos,414500,19300,131,http://youtube.com/channel/UC6D1L2vxEAg_Vi0JSxMBDgA
215,TRANS7Official,"Pel?­culas, Humor",25400000,Indonesia,1600,29,2,http://youtube.com/channel/UC24_Z2L-8Ki183AI9zJJzNQ
216,WatchMojo,"Pel?­culas, Animaci?³n",25100000,Estados Unidos,46700,1400,195,http://youtube.com/channel/UCaWd5_7JhbQBe4dknZhsHJg
219,ChloeTing,"Fitness, Salud y autoayuda",24900000,Estados Unidos,192700,7900,621,http://youtube.com/channel/UCCgLoMYIyP0U56dEhEL1wXQ
220,PrestonYT,"Videojuegos, Humor",24900000,Estados Unidos,1300000,36100,287,http://youtube.com/channel/UC70Dib4MvFfT1tU6MqeyHpQ
221,topperguild,"Animaci?³n, Humor",24900000,Estados Unidos,1800000,77600,838,http://youtube.com/channel/UCPuEAY09CtdTzFNWuqVZgDw
223,PenMovies,"Pel?­culas, Animaci?³n",24800000,India,59800,1200,25,http://youtube.com/channel/UC3ar28GS6o1p0m_wabfk2zw
225,unknownboyvarun,M??sica y baile,24700000,India,1300000,119600,154,http://youtube.com/channel/UC4DLvb5xZ9OLcVM1KC_R97g
227,1theK,M??sica y baile,24700000,Indonesia,10100,595,29,http://youtube.com/channel/UCweOkPb1wVVH0Q0Tlj4a5Pw
233,netdmuzik,M??sica y baile,24400000,Turqu?­a,6100,158,34,http://youtube.com/channel/UCR5wZcXtOUka8jTA57flzMg
235,rug,"Videojuegos, Humor",24300000,Estados Unidos,3200000,85300,5100,http://youtube.com/channel/UCilwZiBBfI9X6yiZRzWty8Q
238,DJSnake,M??sica y baile,24300000,India,16700,846,19,http://youtube.com/channel/UC_x8HoD18XJkILQBreVENUQ
239,alanbecker,"Animaci?³n, Videojuegos",24300000,Estados Unidos,7600000,582600,5900,http://youtube.com/channel/UCbKWv2x9t6u8yZoB3KcPtnw
242,juandediospantojaa,"M??sica y baile, Pel?­culas",24000000,M?©xico,3000000,133200,3600,http://youtube.com/channel/UCzoUWqjCbcfWFdOMvoep8FA
243,EnriqueIglesias,M??sica y baile,23900000,Estados Unidos,21800,2000,142,http://youtube.com/channel/UC-6czyMkxDi8E8akPl0c7_w
244,JamesCharles,"Belleza, Moda",23900000,Estados Unidos,964500,62300,1100,http://youtube.com/channel/UCucot-Zp428OwkyRm2I7v2Q
245,MrMaxLife,Videojuegos,23900000,Rusia,824200,19300,3000,http://youtube.com/channel/UC_8PAD0Qmi6_gpe77S1Atgg
248,misskaty1133,"Videojuegos, Juguetes",23700000,Rusia,1300000,15200,1000,http://youtube.com/channel/UCcartHVtvAUzfajflyeT_Gg
249,Ninja,"Animaci?³n, Videojuegos",23700000,Estados Unidos,204600,8700,141,http://youtube.com/channel/UCAW-NpUFkMyCNrvRSSGIvDQ
250,NickyJamTV,"M??sica y baile, Pel?­culas",23700000,Colombia,15800,1200,58,http://youtube.com/channel/UCpb_iJuhFe8V6rQdbNqfAlQ
251,NickyJamTV,"M??sica y baile, Pel?­culas",23700000,Colombia,15800,1200,58,http://youtube.com/channel/UCpb_iJuhFe8V6rQdbNqfAlQ
253,ishaanali11,Vlogs diarios,23500000,India,3400000,242900,467,http://youtube.com/channel/UCN4NflpHqLeHQZ91kTUVCBw
255,Jelly,"Animaci?³n, Videojuegos",23500000,Estados Unidos,156400,5800,266,http://youtube.com/channel/UC0DZmkupLYwc0yDsfocLh0A
259,GMMGrammy,M??sica y baile,23400000,Tailandia,2900,96,3,http://youtube.com/channel/UCG9gfnA5UDoLvz-tC9B-HKw
260,WaveMusicBhojpuri,M??sica y baile,23400000,India,8400,154,7,http://youtube.com/channel/UCYLlkv4hivYJlOk6Lo-RHNQ
262,whitehillmusic,M??sica y baile,23300000,India,15300,659,5,http://youtube.com/channel/UCopY0NAzASqmD6eVaRj2TFQ
268,capitanyolotroll,"Animaci?³n, Humor",23100000,M?©xico,3200000,189300,827,http://youtube.com/channel/UCQ8TuCvcDMepleXFyOQfyOQ
270,ZachChoi,Vlogs diarios,23000000,Estados Unidos,142200,3000,162,http://youtube.com/channel/UCI78AdiI6f7VKhqW1i4B3Rw
273,AmiRodrigueZZ,"Animaci?³n, Humor",22900000,Colombia,4300000,294400,1300,http://youtube.com/channel/UCwohKbRK2QnojtLh3p7xwaA
275,sia,"M??sica y baile, Pel?­culas",22900000,Estados Unidos,0,0,0,http://youtube.com/channel/UCN9HPn2fq-NL8M5_kp4RWZQ
277,invictorgs3,"Animaci?³n, Videojuegos",22800000,M?©xico,806400,25500,418,http://youtube.com/channel/UChOQkbLHWi3zSCUjT7Kjd1g
279,StokesTwins,"Videojuegos, Humor",22700000,Estados Unidos,11700000,235000,10000,http://youtube.com/channel/UCbp9MyKCTEww4CxEzc_Tp0Q
282,SSundee,"Animaci?³n, Videojuegos",22700000,Estados Unidos,1700000,59800,1800,http://youtube.com/channel/UCke6I9N4KfC968-yRcd5YRg
283,souravjoshivlogs7028,Vlogs diarios,22700000,India,5600000,382300,8900,http://youtube.com/channel/UCjvgGbPPn-FgYeguc5nxG4A
284,THECHAINSMOKERS,"M??sica y baile, Pel?­culas",22700000,Estados Unidos,38900,1800,76,http://youtube.com/channel/UCq3Ci-h945sbEYXpVlw7rJg
285,ZachKing,"Pel?­culas, Humor",22600000,Estados Unidos,4900000,238500,522,http://youtube.com/channel/UCq8DICunczvLuJJq414110A
286,BenAzelart,"Videojuegos, Humor",22500000,Estados Unidos,3700000,44900,2700,http://youtube.com/channel/UCwVg9btOceLQuNCdoQk9CXg
288,fgteev,"Pel?­culas, Videojuegos",22500000,Estados Unidos,826800,10300,2100,http://youtube.com/channel/UCC-RHF_77zQdKcA75hr5oTQ
296,rotanamusic,M??sica y baile,22300000,Arabia Saudita,2100000,12600,321,http://youtube.com/channel/UCNhqvQMXIgRfjAGmxQqdNRw
297,RAFAELUIZOFICIAL,"Pel?­culas, Animaci?³n",22100000,Brasil,671700,30500,522,http://youtube.com/channel/UC6paX0kLA8D81aYogceMufw
299,williesalim,"Pel?­culas, Humor",21900000,Indonesia,396200,0,2800,http://youtube.com/channel/UCPCaXSwaos-QI03iZtx8I6g
302,TlnovelasOficial,"M??sica y baile, Animaci?³n",21900000,M?©xico,5500,152,5,http://youtube.com/channel/UCKyU-wd-KY4PMOcOpPQgQcw
303,royaltyfam,Humor,21900000,Estados Unidos,4700000,67000,6600,http://youtube.com/channel/UCja7QUMRG9AD8X2F_vXFb9A
305,infinite,"Videojuegos, Humor",21700000,Estados Unidos,884800,45700,1400,http://youtube.com/channel/UC_hSjGOO67A6gIDUcyuv_8A
307,khangsresearchcentre1685,Educaci?³n,21700000,India,7300000,501700,17000,http://youtube.com/channel/UCatL-c6pmnjzEOHSyjn-sHA
308,gmapublicaffairs,Noticias y Pol?­tica,21700000,Filipinas,4300,68,2,http://youtube.com/channel/UCj5RwDivLksanrNvkW0FB4w
310,beckyg,M??sica y baile,21500000,Estados Unidos,0,0,0,http://youtube.com/channel/UCgtNC51EUSgcZ6kKyVoPxKA
311,Priyal_Kukreja,Vlogs diarios,21500000,India,7700000,224600,510,http://youtube.com/channel/UCzEAWIWMigRBbulQ6yVlilg
312,BaimPaula,"M??sica y baile, Pel?­culas",21300000,Indonesia,352500,12600,773,http://youtube.com/channel/UC5xAPCVizxOfnMECMXkal2Q
314,buzzfeedtasty,Comida y bebida,21100000,Estados Unidos,84300,3200,34,http://youtube.com/channel/UCJFp8uSYCjXOMnkUyb3CQ3Q
315,fatosdesconhecidos,Ciencia y tecnolog?­a,21100000,Brasil,92900,10200,407,http://youtube.com/channel/UCbAiIkPobUFy71zlmwVw3jw
316,lyricalemonade,"M??sica y baile, Animaci?³n",21100000,Estados Unidos,2800000,127300,5800,http://youtube.com/channel/UCtylTUUVIGY_i5afsQYeBZA
317,MrVivekBindra,Educaci?³n,21100000,India,56900,3100,17,http://youtube.com/channel/UCR-foyF-C6VuAlwy3KZMkgA
319,kurzgesagt,Educaci?³n,21100000,Estados Unidos,4900000,253500,14000,http://youtube.com/channel/UCsXVk37bltHxD1rDPwtNM8Q
320,romeo,M??sica y baile,21100000,Estados Unidos,3200000,53900,1600,http://youtube.com/channel/UCyxbZF7_PK4nLiexj0kkCNg
322,NBA,Deportes,20900000,Estados Unidos,46400,1000,55,http://youtube.com/channel/UCWJ2lWNubArHWmf3FIHbfcQ
323,JasonDerulo,M??sica y baile,20800000,Estados Unidos,80500,3100,35,http://youtube.com/channel/UCe3yZzUwpmy2eKKmF9svX0Q
325,avicii,"M??sica y baile, Pel?­culas",20700000,Estados Unidos,0,0,0,http://youtube.com/channel/UCPHjpfnnGklkRBBTd0k6aHg
326,5MinuteCraftsDIY,M??sica y baile,20700000,India,14600,110,4,http://youtube.com/channel/UC2etEuPIfohP4P53wM0KImA
327,NinjaKidz,Videojuegos,20700000,Estados Unidos,289800,6600,217,http://youtube.com/channel/UCpZ88DWlKW0H_AYDaUZptcw
328,7clouds,M??sica y baile,20700000,Estados Unidos,92100,1200,74,http://youtube.com/channel/UCNqFDjYTexJDET3rPDrmJKg
329,LinkinPark,M??sica y baile,20700000,Estados Unidos,73700,7100,134,http://youtube.com/channel/UCZU9T1ceaOgwfLRq7OKFU4Q
334,jakepaul,Fitness,20500000,Estados Unidos,172400,7500,127,http://youtube.com/channel/UCcgVECVN4OKV6DH1jLkqmcA
335,somoynews360,Vlogs diarios,20500000,Bangladesh,7400,196,4,http://youtube.com/channel/UCxHoBXkY88Tb8z1Ssj6CWsQ
336,SlivkiShow,Videojuegos,20500000,Rusia,2500000,154200,6800,http://youtube.com/channel/UCU_yU4xGT9hrVFo6euH8LLw
337,Miawaug,Videojuegos,20500000,Indonesia,748400,29300,2000,http://youtube.com/channel/UC3J4Q1grz46bdJ7NJLd4DGw
338,EmiwayBantai,M??sica y baile,20500000,India,892800,95600,5500,http://youtube.com/channel/UCHmk8iNJHvf5mGN6_pkPc7g
340,Cookieswirlc,Videojuegos,20500000,Estados Unidos,147000,2000,482,http://youtube.com/channel/UCelMeixAOTs2OQAAi9wU8-g
342,triggeredinsaan,Humor,20400000,India,11100000,1400000,38000,http://youtube.com/channel/UCfLuT3JwLx8rvHjHfTymekw
343,SonyAATH,"Viajes, Espect??culos",20400000,Bangladesh,89500,782,49,http://youtube.com/channel/UCBz9qbqujcjIavFmBJW2oZw
344,IShowSpeed,"Videojuegos, Humor",20300000,Estados Unidos,2500000,101600,5000,http://youtube.com/channel/UCWsDFcIhY2DBi3GB5uykGXA
345,RobinHoodGamer1,"Animaci?³n, Videojuegos",20300000,Brasil,465800,17000,533,http://youtube.com/channel/UCYtaoJSk9iIrFxx8eZB15ag
346,5MinuteCraftsPLAY,Pel?­culas,20300000,India,14300,106,5,http://youtube.com/channel/UC57XAjJ04TY8gNxOWf-Sy0Q
347,marvel,"Pel?­culas, Animaci?³n",20300000,Estados Unidos,94400,5200,216,http://youtube.com/channel/UCvC4D8onUfXzvjTOM-dBfEA
350,gordonramsay,"Comida y bebida, Salud y autoayuda",20100000,Estados Unidos,114900,2800,117,http://youtube.com/channel/UCIEv3lZ_tNXHzL3ox-_uUGQ
351,BuzzFeedVideo,Comida y bebida,20100000,Estados Unidos,15500,377,8,http://youtube.com/channel/UCpko_-a4wgz2u_DgDgd9fqA
352,unboxtherapy,Dise?±o/arte,20100000,Estados Unidos,178500,7300,140,http://youtube.com/channel/UCsTcErHg8oDvUnTzoqsYeNw
353,gusttavolimaoficial,M??sica y baile,20100000,Brasil,131000,6000,88,http://youtube.com/channel/UCXooz9whNJZBRTHi9AqdjPw
354,AuthenticGames,"Pel?­culas, Videojuegos",20100000,Brasil,20100,2200,34,http://youtube.com/channel/UCIPA6iWNaoetaa1T46RkzXw
356,pencilmation,"Animaci?³n, Humor",20100000,Estados Unidos,179700,1500,88,http://youtube.com/channel/UCUAL--p3qAa27luR0IYbjZA
359,React,Humor,20100000,Estados Unidos,133300,5400,214,http://youtube.com/channel/UC0v-tlzsn0QZwJnkiaUSJVQ
360,PTXofficial,M??sica y baile,20100000,Estados Unidos,0,0,0,http://youtube.com/channel/UCmv1CLT6ZcFdTJMHxaR9XeA
361,VEVO,M??sica y baile,20100000,Estados Unidos,9500,519,7,http://youtube.com/channel/UC2pmfLm7iq6Ov1UwYrWYkZA
363,BGT,"M??sica y baile, Pel?­culas",19900000,Reino Unido,40800,576,28,http://youtube.com/channel/UCUtZaxDF3hD5VK4xRYFBePQ
364,sctv_,"M??sica y baile, Pel?­culas",19900000,Indonesia,10900,225,13,http://youtube.com/channel/UC_vsErcsq56hOscPHkG-aVw
365,ClashOfClans,"Pel?­culas, Animaci?³n",19900000,Estados Unidos,1600000,30100,952,http://youtube.com/channel/UCD1Em4q90ZUK2R5HKesszJg
367,Vsauce,Ciencia y tecnolog?­a,19900000,Estados Unidos,4500000,449000,3600,http://youtube.com/channel/UC6nSFpj9HTCZ5t-N3Rm3-HA
371,fifa,Deportes,19700000,Estados Unidos,43200,2100,28,http://youtube.com/channel/UCpcTrCXblq78GZrTUTLWeBw
372,CraftyPanda,"Pel?­culas, Humor",19700000,India,18000,136,5,http://youtube.com/channel/UC03RvJoIhm_fMwlUpm9ZvFw
373,DLSNews,Noticias y Pol?­tica,19700000,India,123000,3800,188,http://youtube.com/channel/UCw0ry7cLRUnq3Oaszlhgqfg
377,Sidemen,"Videojuegos, Humor",19500000,Reino Unido,9200000,284800,8200,http://youtube.com/channel/UCDogdKl7t7NHzQ95aEwkdMw
381,sonotek,"M??sica y baile, Animaci?³n",19300000,India,9800,396,70,http://youtube.com/channel/UC3zVeAaoPEN1Tu25dW3G2Ig
385,degoboom,"Pel?­culas, Animaci?³n",19200000,M?©xico,156100,5200,22,http://youtube.com/channel/UCj9rK3jt8qmih4mZX0UL67g
387,CalvinHarris,M??sica y baile,19100000,Estados Unidos,71300,3500,156,http://youtube.com/channel/UCIjYyZxkFucP_W-tmXg_9Ow
388,howridiculous,Videojuegos,19100000,Estados Unidos,3700000,68300,312,http://youtube.com/channel/UC5f5IV0Bf79YLp_p9nfInRA
392,ThePoznavatel,"DIY y Life Hacks, Juguetes",19100000,Rusia,2300000,33200,2100,http://youtube.com/channel/UCXTMoE1XgvxN4iCt5-gZzCw
394,TEDEd,Ciencia y tecnolog?­a,19100000,Estados Unidos,303100,12400,512,http://youtube.com/channel/UCsooa4yRKGN_zEE8iknghZA
395,HiBestMan,Videojuegos,19100000,Rusia,1300000,49300,1600,http://youtube.com/channel/UCM44x9uWlx__9M9Y2IFhxzQ
396,cardib,M??sica y baile,19100000,Estados Unidos,131800,11500,475,http://youtube.com/channel/UCxMAbVFmxKUVGAll0WVGpFw
401,grammygoldofficial,M??sica y baile,18800000,Tailandia,12900,309,9,http://youtube.com/channel/UCFWsjsN53Sqvg2pWhSFmWBQ
402,IanLucasOficial,"Pel?­culas, Humor",18800000,Argentina,5600000,401700,2700,http://youtube.com/channel/UCmzDf_a7CCFuxos7hspcWRQ
403,alia,"Animaci?³n, Videojuegos",18800000,Estados Unidos,336100,10200,297,http://youtube.com/channel/UCYVinkwSX7szARULgYpvhLw
404,ArianaGrandeVevo,"M??sica y baile, Humor",18700000,Estados Unidos,0,0,0,http://youtube.com/channel/UC0VOyT2OCBKdQhF3BAbZ-1g
405,MrMarmok,"Animaci?³n, Videojuegos",18600000,Rusia,3600000,328100,6700,http://youtube.com/channel/UCf31Gf5nCU8J6eUlr7QSU0w
411,rsiammusic,M??sica y baile,18600000,Tailandia,6200,137,5,http://youtube.com/channel/UCLcCpNY-zaL3vEERD5rh5Ew
412,DanielSaboya,M??sica y baile,18600000,Brasil,12600,544,6,http://youtube.com/channel/UCEUf_uUDUfJJ3XfgwOxm-0A
414,news18India,Noticias y Pol?­tica,18500000,India,5400,114,1,http://youtube.com/channel/UCPP3etACgdUWvizcES1dJ8Q
415,NaisaAlifiaYurizaNAY,"M??sica y baile, Pel?­culas",18400000,Indonesia,160900,7800,78,http://youtube.com/channel/UCtjFp8VXWIscsqQ2wokpo3Q
417,MSA.official,"Animaci?³n, Humor",18400000,Estados Unidos,4300000,96800,3600,http://youtube.com/channel/UCYzEMRKqrh01-tauv7MYyVQ
418,GoodMythicalMorning,Comida y bebida,18400000,Estados Unidos,447300,20200,532,http://youtube.com/channel/UC4PooiX37Pld1T8J5SYT-SQ
421,DannyFitt,Pel?­culas,18300000,M?©xico,340000,14200,128,http://youtube.com/channel/UC_82tbyeBHSaDbL725LMlvw
422,korayzeynep,Vlogs diarios,18200000,Turqu?­a,198800,5800,0,http://youtube.com/channel/UCTAacyv5T4cSus1W4D6eBfA
423,GENHALILINTAR,"M??sica y baile, Humor",18200000,Indonesia,89200,2800,59,http://youtube.com/channel/UCfRNJiafEm1LBBGFTTq4cXw
426,LuisFonsiVEVO,M??sica y baile,18200000,Per??,2000000,33100,3000,http://youtube.com/channel/UCLp8RBhQHu9wSsq62j_Md6A
427,manualdomundo,Ciencia y tecnolog?­a,18200000,Brasil,311200,35500,299,http://youtube.com/channel/UCKHhA5hN2UohhFDfNXB_cvQ
428,KatieAngelTV_,M??sica y baile,18200000,M?©xico,0,0,0,http://youtube.com/channel/UCgSMDG8aGE3YHfBCXHuPpYA
430,SebastianYatra,M??sica y baile,18200000,Colombia,26300,2000,92,http://youtube.com/channel/UCssFxr-IdIa-wpG3jUXYrmw
432,Aphmau,"Animaci?³n, Videojuegos",18000000,Estados Unidos,2000000,37800,2700,http://youtube.com/channel/UCzYfz8uibvnB7Yc1LjePi4g
433,TheGrefg,"Pel?­culas, Videojuegos",18000000,Espa?±a,145900,10400,82,http://youtube.com/channel/UCCEmjNPpJYhGDgaEqeeA4HA
434,RobleisIUTU,"Pel?­culas, Animaci?³n",18000000,Argentina,267500,18500,426,http://youtube.com/channel/UCG8eSYvOQUpb9HM8zU5d6xg
436,tanboykun,M??sica y baile,18000000,Indonesia,1400000,25400,1400,http://youtube.com/channel/UC8rHUssNDJ9YEjfduAqJBmw
437,BispoBrunoLeonardo,M??sica y baile,18000000,Brasil,762100,276400,154000,http://youtube.com/channel/UCVNouUw3d3l5JYVCxhAQXKA
438,News24thinkfirst,Noticias y Pol?­tica,18000000,India,4400,93,4,http://youtube.com/channel/UCuzS3rPQAYqHcLWqOFuY0pw
442,demilovato,M??sica y baile,18000000,Estados Unidos,34300,5200,166,http://youtube.com/channel/UCZkURf9tDolFOeuw_4RD7XQ
443,AMARINTVHD,Noticias y Pol?­tica,18000000,Tailandia,9000,137,5,http://youtube.com/channel/UCzMoibQRslh_1bTuW0YXc6A
444,GameTheory,Pel?­culas,18000000,Estados Unidos,2600000,120000,4500,http://youtube.com/channel/UCo_IB5145EVNcf8hw1Kku7w
445,Jane_asmr,Vlogs diarios,17800000,Indonesia,131600,2600,190,http://youtube.com/channel/UC2fsxQr6Hcx1enORxXgKpxQ
446,portadosfundos,"Pel?­culas, Animaci?³n",17800000,Brasil,390100,26200,184,http://youtube.com/channel/UCEWHPFNilsT0IfQfutVzsag
453,lilpumpeskii,M??sica y baile,17700000,Estados Unidos,139500,5300,566,http://youtube.com/channel/UC6pjHMC4QXMi4llCCjtDXWg
454,NarendraModi,Noticias y Pol?­tica,17700000,India,39500,2700,108,http://youtube.com/channel/UC1NF71EwP41VdjAU1iXdLkw
459,PrimeVideoIN,"Pel?­culas, Animaci?³n",17600000,India,18400,535,4,http://youtube.com/channel/UC4zWG9LccdWGUlF77LZ8toA
460,JFlaMusic,M??sica y baile,17600000,Estados Unidos,59800,3100,426,http://youtube.com/channel/UClkRzsdvg7_RKVhwDwiDZOA
461,musicalrmastv1,M??sica y baile,17600000,Iraq,103600,4500,259,http://youtube.com/channel/UCVrstuGnHjpUXr9G98wwKow
462,mkbhd,Ciencia y tecnolog?­a,17600000,Estados Unidos,1400000,81100,2500,http://youtube.com/channel/UCBJycsmduvYEL83R_U4JriQ
463,RepublicTVBharat,Noticias y Pol?­tica,17600000,India,7100,0,3,http://youtube.com/channel/UC7wXt18f2iA3EDXeqAVuKng
466,HowToBasic,Comida y bebida,17400000,Estados Unidos,1800000,63500,5200,http://youtube.com/channel/UCR4s1DE9J4DHzZYXMltSMAg
467,stubbornfacts,Noticias y Pol?­tica,17400000,India,20700,1000,56,http://youtube.com/channel/UCJZ5gFXzSZ9i-R1HEnS8U_A
468,TheBrianMaps,"Videojuegos, Humor",17400000,Rusia,5100000,390700,11000,http://youtube.com/channel/UCyJrhZm9KXrzRub3-wD2zWg
469,anitta,M??sica y baile,17400000,Brasil,67700,5600,111,http://youtube.com/channel/UCqjjyPUghDSSKFBABM_CXMw
470,jordanmatter,"M??sica y baile, Humor",17400000,Estados Unidos,7900000,98500,8500,http://youtube.com/channel/UCKaCalz5N5ienIbfPzEbYuA
471,TRANSTVofficial,"M??sica y baile, Pel?­culas",17300000,Indonesia,1000,17,1,http://youtube.com/channel/UCIohHXwCEKxWCLvAguJ-GjA
473,popchartbusters,M??sica y baile,17200000,India,14500,350,48,http://youtube.com/channel/UCzL6rJhkoXkIt0fCv9T9_uA
474,Willyrex,"Pel?­culas, Animaci?³n",17200000,M?©xico,133400,10000,72,http://youtube.com/channel/UC8rNKrqBxJqL9izOOMxBJtw
475,Queen,"M??sica y baile, Pel?­culas",17200000,Estados Unidos,122500,8600,206,http://youtube.com/channel/UCiMhD4jzUqG-IgPzUmmytRQ
478,AayuandPihuShow,"Pel?­culas, Humor",17000000,India,2600000,44300,7100,http://youtube.com/channel/UCFcBAGR0drI3F15EhMFjuTg
479,SriBalajiMovies,Pel?­culas,17000000,India,9800,281,0,http://youtube.com/channel/UCoy3dQzEdq1y2zMnT4pdj3Q
482,VICE,Noticias y Pol?­tica,17000000,Estados Unidos,45600,884,56,http://youtube.com/channel/UCn8zNIfYAQNdrFRrr8oibKw
483,GatoGalactico,Animaci?³n,17000000,Brasil,71900,1500,0,http://youtube.com/channel/UCbt4SegZBQLeXMTMvnrfZtw
484,LahariMusicIndia,M??sica y baile,17000000,India,14000,523,8,http://youtube.com/channel/UCnSqxrSfo1sK4WZ7nBpYW1Q
486,BBCHindi,Noticias y Pol?­tica,17000000,India,84900,0,181,http://youtube.com/channel/UCN7B-QD0Qgn2boVH5Q0pOWg
488,withkids2063,"Animaci?³n, Juguetes",16900000,Estados Unidos,28200,0,0,http://youtube.com/channel/UC6ye474SJCiPsEPueO_b3Gw
489,BeastPhilanthropy,Comida y bebida,16900000,Estados Unidos,21500000,952100,24000,http://youtube.com/channel/UCAiLfjNXkNv24uhpzUgPa6A
490,BollywoodClassics,M??sica y baile,16900000,India,40100,191,12,http://youtube.com/channel/UCZ_OLiS7DkyCg89eV_qQMoQ
491,DesiMelodies,M??sica y baile,16800000,India,2400000,9500,259,http://youtube.com/channel/UC783dnzJqf2ghHp_pFLYbGA
492,IvanaAlawi,"Pel?­culas, Humor",16800000,Filipinas,3200000,109400,6800,http://youtube.com/channel/UCypeLkg3Ne5-LIyiB41b1GQ
493,NMFNews,Noticias y Pol?­tica,16800000,India,4000,86,2,http://youtube.com/channel/UCvxi7_X1VSaMr_osIamYNaw
494,DeToxoMoroxo-Oficial,"Pel?­culas, Animaci?³n",16800000,M?©xico,352900,15600,2800,http://youtube.com/channel/UCq_oSgHK9lk6NUUgkhUOPnw
495,ufc,Deportes,16800000,Estados Unidos,86700,1700,189,http://youtube.com/channel/UCvgfXK4nTYKudb0rFR6noLA
496,gmmtv,"M??sica y baile, Pel?­culas",16800000,Tailandia,34000,951,27,http://youtube.com/channel/UC8BzJM6_VbZTdiNLD4R1jxQ
497,SagarKalraShorts,Vlogs diarios,16800000,India,864100,8000,129,http://youtube.com/channel/UClO7QTL3RLMGW9Px4Q8znog
499,TuCOSMOPOLIS,Noticias y Pol?­tica,16800000,M?©xico,37900,2400,249,http://youtube.com/channel/UCo4ywJQXfUIB0lCBpczW3cA
501,thairathonline,Noticias y Pol?­tica,16700000,Tailandia,9100,137,6,http://youtube.com/channel/UCrFDdD-EE05N7gjwZho2wqw
502,viralhog,Juguetes,16700000,Estados Unidos,39500,1300,28,http://youtube.com/channel/UC3339WgBDKIcxTfywuSmG8w
503,failarmy,"Animaci?³n, Humor",16700000,Estados Unidos,2200000,20700,746,http://youtube.com/channel/UCPDis9pjXuqyI7RYLJ-TTSA
504,IDEASEN5MINUTOSoficial,Pel?­culas,16700000,M?©xico,116500,246,8,http://youtube.com/channel/UC_OLtzRJdg0MJfiqGWAAIHw
507,DailyDoseOfInternet,Animales y mascotas,16600000,Estados Unidos,4000000,193200,5200,http://youtube.com/channel/UCdC0An4ZPNr_YiFiYoVbwaw
508,KaykaiSalaiderChannel,"Pel?­culas, Humor",16600000,Tailandia,813000,32500,369,http://youtube.com/channel/UCdLGCJcIGu5ExzYN6CXtkIw
509,LEGO,Animaci?³n,16600000,Estados Unidos,28000,304,0,http://youtube.com/channel/UCP-Ng5SXUEt0VE-TXqRdL6g
510,RCTILAYARDRAMAINDONESIA,"M??sica y baile, Pel?­culas",16600000,Indonesia,10200,174,5,http://youtube.com/channel/UCzTsWuCdVP_vehWyGwPcS3Q
513,Pitbull,M??sica y baile,16500000,Estados Unidos,9800,859,42,http://youtube.com/channel/UCv8nzwVPQDRjkPCkEsOdEwA
514,boyceavenue,M??sica y baile,16500000,Brasil,17200,1400,26,http://youtube.com/channel/UCgc00bfF_PvO_2AvqJZHXFg
517,Lyna,"Pel?­culas, Animaci?³n",16400000,Argentina,327300,9600,816,http://youtube.com/channel/UC-cnbLlplnXA4oc7rR21qzg
520,GLENTYOUTUBE,Videojuegos,16400000,Rusia,1800000,100900,1800,http://youtube.com/channel/UCBYvr4SqfGQd5fTmOXVQ4Zw
521,T3ddy,Vlogs diarios,16400000,Brasil,413500,42600,941,http://youtube.com/channel/UC5mZsx_OVnc4XmG9rWU2p3A
524,mattstonie,Comida y bebida,16400000,Estados Unidos,1800000,54600,1800,http://youtube.com/channel/UCd1fLoVFooPeWqCEYVUJZqg
525,TWICE,"M??sica y baile, Pel?­culas",16400000,Filipinas,350600,51700,304,http://youtube.com/channel/UCzgxx_DM2Dcb9Y1spb9mUJA
527,Unspeakable,"Videojuegos, Humor",16400000,Estados Unidos,1900000,40000,318,http://youtube.com/channel/UCwIWAbIeu0xI0ReKWOcw3eg
529,ADME_RU,Animaci?³n,16300000,Rusia,17200,472,26,http://youtube.com/channel/UCuVpbMt4yu4I9eAey3khnGg
530,DearSir,Educaci?³n,16300000,India,266300,22500,2300,http://youtube.com/channel/UC9dyrsYEmD4iGJ8Oz1G5dpw
533,antrax,Animaci?³n,16200000,M?©xico,623600,39500,746,http://youtube.com/channel/UCNbwP-bKUlKrE_5qDwvFILQ
535,DylandPROS,"Pel?­culas, Animaci?³n",16200000,Indonesia,21500,996,28,http://youtube.com/channel/UCXdmo_q4SawYMz-dmeKEHPQ
536,TV9Bharatvarsh,Noticias y Pol?­tica,16200000,India,4100,97,1,http://youtube.com/channel/UCOutOIcn_oho8pyVN3Ng-Pg
537,mkmusic,M??sica y baile,16100000,Brasil,29200,1700,67,http://youtube.com/channel/UCbVwJCxsVbmaP1PFmbGQDeQ
538,MoreAliA,"Animaci?³n, Videojuegos",16100000,Estados Unidos,645200,11900,389,http://youtube.com/channel/UCyeVfsThIHM_mEZq7YXIQSQ
540,camilo,M??sica y baile,16000000,Colombia,560000,17000,590,http://youtube.com/channel/UCw0aKHSGFGyrnMeVnHeYMyw
541,Arifmuhammadd,"M??sica y baile, Pel?­culas",16000000,Indonesia,3300000,62400,2000,http://youtube.com/channel/UCfx3oPv3cJm2aCJ7UnhKx8A
543,wifistudy,Educaci?³n,16000000,India,3900,184,4,http://youtube.com/channel/UCuWuAvEnKWez5BUr29VpwqA
544,katakit_baby,M??sica y baile,16000000,Arabia Saudita,174500,1200,0,http://youtube.com/channel/UChDk1SYEDyC4s74mKwfBUKQ
546,JulianaBaltar,"Pel?­culas, Humor",16000000,Brasil,207800,9400,139,http://youtube.com/channel/UCqDauP_ke8Lwt8Hg3Xv-8Iw
548,kuplinovplay,Videojuegos,16000000,Rusia,1900000,124700,2300,http://youtube.com/channel/UCdKuE7a2QZeHPhDntXVZ91w
550,DopeLyrics,M??sica y baile,16000000,Estados Unidos,24200,242,16,http://youtube.com/channel/UCvR2R7j218tzejtTsb_X6Rw
551,hamaarbhojpuri,M??sica y baile,16000000,India,32200,1200,22,http://youtube.com/channel/UCpN-WGQgGsOrXm7nHXDdTDA
552,yudistardhana,Pel?­culas,16000000,Indonesia,492000,18300,148,http://youtube.com/channel/UCvc00uetYIML9D-7BBrEXLA
554,ChetanMongaVlogs,Vlogs diarios,15900000,India,1400000,95100,238,http://youtube.com/channel/UCZLOlM5df0CXW9bP5MAeE7A
555,TeamFilmsBhojpuri,M??sica y baile,15900000,India,11600,241,17,http://youtube.com/channel/UCB4SvelHl4qjFSNYfxhp-SQ
560,RottenTomatoesTRAILERS,"Pel?­culas, Animaci?³n",15800000,Estados Unidos,34600,510,49,http://youtube.com/channel/UCi8e0iOVk1fEOogdfu4YgfA
561,FCBarcelona,Deportes,15800000,Estados Unidos,164500,12100,172,http://youtube.com/channel/UC14UlmYlSNiQCBe9Eookf_A
562,5MCArabic,Pel?­culas,15800000,Egipto,32500,169,4,http://youtube.com/channel/UCy7QvWo7uV_AcoLJL5RIwkQ
565,TalkingFriends,"Animaci?³n, Humor",15700000,Estados Unidos,17800,125,0,http://youtube.com/channel/UCDCNmuaOXOo25Yn4mbMHhhQ
566,SonyMusicSouth,"M??sica y baile, Pel?­culas",15600000,India,256100,3000,85,http://youtube.com/channel/UCn4rEMqKtwBQ6-oEwbd4PcA
567,zutigang,Vlogs diarios,15600000,Estados Unidos,124400,4900,24,http://youtube.com/channel/UCNBTflmnht6ZMRNCDNilw9g
568,HenriqueeJuliano,M??sica y baile,15600000,Brasil,2000000,19100,453,http://youtube.com/channel/UCfLTxnQboSLcoSakgONmukQ
570,CNN,"M??sica y baile, Animaci?³n",15600000,Estados Unidos,152800,2300,983,http://youtube.com/channel/UCupvZG-5ko_eiXAupbDfxWw
571,MobileLegends5v5MOBA,"Animaci?³n, Videojuegos",15600000,Indonesia,80900,695,6,http://youtube.com/channel/UCqmld-BIYME2i_ooRTo1EOg
572,Zayn,M??sica y baile,15600000,Estados Unidos,145200,20500,935,http://youtube.com/channel/UC3PdiRW5dUA4V70ueeR1eHA
573,genierock,M??sica y baile,15600000,Tailandia,66700,742,41,http://youtube.com/channel/UCs2t9DlvAuyTBkvk2djGZKw
574,TheHarshBeniwal,"Pel?­culas, Humor",15600000,India,0,0,0,http://youtube.com/channel/UCVmEbEQUGXHVm-O9pqa3JWg
575,joerogan,Vlogs diarios,15600000,Estados Unidos,1200000,20700,3100,http://youtube.com/channel/UCzQUP1qoWDoEbmsQxvdjxgQ
576,SRKMUSIC,M??sica y baile,15600000,India,13000,318,20,http://youtube.com/channel/UCAH1Aw-mXgcB3t8uaqW4yTA
579,ShriPrashant,Educaci?³n,15500000,India,71800,6300,44,http://youtube.com/channel/UCMgapddJymOC6MBOiOqia1A
580,A2Motivation,Educaci?³n,15500000,India,715000,103500,634,http://youtube.com/channel/UC6ERimtc5zFrn7x6Bk3HaHA
582,Kerajinan5-Menit,M??sica y baile,15400000,Indonesia,11500,70,3,http://youtube.com/channel/UClIYfCAhMAlacxT0e_sl1uA
583,romanatwoodvlogs,"Pel?­culas, Humor",15400000,Estados Unidos,2500000,106700,4300,http://youtube.com/channel/UC-SV8-bUJfXjrRMnp7F8Wzw
584,LinusTechTips,Ciencia y tecnolog?­a,15400000,Estados Unidos,1100000,54800,3100,http://youtube.com/channel/UCXuqSBlHAE6Xw-yeJA0Tunw
586,kompastv,Noticias y Pol?­tica,15400000,Indonesia,4400,34,5,http://youtube.com/channel/UC5BMIWZe9isJXLZZWPWvBlg
589,Jesser,"Videojuegos, Humor",15400000,Estados Unidos,1300000,50600,321,http://youtube.com/channel/UCQIUhhcmXsu6cN6n3y9-Pww
590,RayWilliamJohnson,"Animaci?³n, Humor",15400000,Estados Unidos,2600000,237600,1800,http://youtube.com/channel/UCGt7X90Au6BV8rf49BiM6Dg
591,GoAmiGo,Vlogs diarios,15400000,Colombia,7900000,455300,2300,http://youtube.com/channel/UCp4Fk7Xy_wYq8sFKcKNrQCA
592,nianaguerrero,M??sica y baile,15400000,Filipinas,504800,12100,290,http://youtube.com/channel/UCLysbxhOO_JPOPgcsPCMb8w
593,abscbnnews,Noticias y Pol?­tica,15400000,Filipinas,3800,39,2,http://youtube.com/channel/UCE2606prvXQc_noEqKxVJXA
594,ndtvindia,Noticias y Pol?­tica,15400000,India,3300,38,2,http://youtube.com/channel/UC9CYT9gSNLevX5ey2_6CK0Q
595,MNCTVOfficialId,"M??sica y baile, Pel?­culas",15300000,Indonesia,1200,34,0,http://youtube.com/channel/UC34xi8JB1AKSotPUKHywbaA
597,studyiqofficial,Educaci?³n,15200000,India,16400,883,21,http://youtube.com/channel/UCrC8mOqJQpoB7NuIMKIS6rQ
599,MohamedRamadan,"M??sica y baile, Pel?­culas",15200000,Egipto,272900,6400,82,http://youtube.com/channel/UCJCj2HtcnbOyCj1rmKaxwJg
600,HongyuASMR,ASMR,15200000,Estados Unidos,368500,4100,148,http://youtube.com/channel/UCxtLc0Jqq3SKBWlIXM_OC9g
601,DaftarPopuler,Ciencia y tecnolog?­a,15200000,Indonesia,56400,749,97,http://youtube.com/channel/UCQW2tTNJ40V2T6MqV1eMZ0w
602,EdisonPts,Videojuegos,15200000,Rusia,1600000,108100,4200,http://youtube.com/channel/UCrpt82vHWIWZSHtNQxncPrg
603,SupercarBlondie,Animaci?³n,15200000,Estados Unidos,745100,23100,425,http://youtube.com/channel/UCKSVUHI9rbbkXhvAXK-2uxA
606,kwebbelkop,"Animaci?³n, Videojuegos",15200000,Estados Unidos,60800,602,279,http://youtube.com/channel/UCfLuMSIDmeWRYpuCQL0OJ6A
608,PPMussas,Moda,15200000,M?©xico,230400,10400,393,http://youtube.com/channel/UClnKzwo9CPkYix6V9jK4JTQ
609,Makiman131,"Pel?­culas, Animaci?³n",15200000,Espa?±a,238400,11000,345,http://youtube.com/channel/UCevY-z55kr37ZAXG15F-KiA
614,TazerCraft,"Pel?­culas, Animaci?³n",15000000,Brasil,182000,12700,525,http://youtube.com/channel/UCjBO43ykxlSs3j7F7EXcBUQ
616,XpressTV,Ciencia y tecnolog?­a,15000000,M?©xico,1100000,33400,311,http://youtube.com/channel/UC0YFjwJc3b1otDerdv6CfWA
617,ABCNews,Noticias y Pol?­tica,15000000,Estados Unidos,10900,115,50,http://youtube.com/channel/UCBi2mrWuNuyYy4gbM6fU18Q
618,Therichest,Noticias y Pol?­tica,15000000,Estados Unidos,8500,246,19,http://youtube.com/channel/UCdxi8d8qRsRyUi2ERYjYb-w
619,leagueoflegends,"Pel?­culas, Animaci?³n",15000000,Estados Unidos,909100,45300,1900,http://youtube.com/channel/UC2t5bjwHdUX4vM2g8TRDq5g
621,mispastelitos,Comida y bebida,15000000,M?©xico,1700000,89700,903,http://youtube.com/channel/UCkjjH0hsvaeRIuwGlM9oSvg
622,crashcourse,Ciencia y tecnolog?­a,15000000,Estados Unidos,28900,1200,32,http://youtube.com/channel/UCX6b17PVsYBQ0ip5gyeme-Q
624,itowngameplay,"Animaci?³n, Videojuegos",15000000,M?©xico,47100,2600,167,http://youtube.com/channel/UCKmlxQVs0vHtaLldRIQ8lsA
626,jorgeemateus,M??sica y baile,14900000,Brasil,72600,2400,103,http://youtube.com/channel/UCL64gn1KZ1C-u87BGQv3b6w
630,MattyBRaps,M??sica y baile,14900000,Estados Unidos,267900,949,0,http://youtube.com/channel/UCmdY1pHB-KbFYxOyhwjVeQw
633,GyanGaming,"Videojuegos, Humor",14800000,India,264800,22700,248,http://youtube.com/channel/UChXi_PlJkRMPYFQBOJ3MpxA
634,fueledbyramen,M??sica y baile,14800000,Estados Unidos,88400,696,40,http://youtube.com/channel/UClVrJwcIy7saPcGc1nct80A
635,camilaloures,"Pel?­culas, Humor",14800000,Brasil,271900,16700,237,http://youtube.com/channel/UCvuJTWl_peL49CUfF2EAbyg
637,MeghanTrainor,"Pel?­culas, Humor",14800000,Estados Unidos,17600,662,49,http://youtube.com/channel/UCkXgEcpoTE4tHsebYBouWpA
639,majorlazer,"M??sica y baile, Pel?­culas",14800000,Estados Unidos,25700,722,36,http://youtube.com/channel/UCMJ5Qf3sOvQpcYiai1Noa3Q
640,lachlan,"Animaci?³n, Videojuegos",14800000,Estados Unidos,500700,19500,262,http://youtube.com/channel/UCh7EqOZt7EvO2osuKbIlpGg
641,MalumaVEVO,M??sica y baile,14800000,M?©xico,226400,8500,275,http://youtube.com/channel/UCFkoPRmuxqr37jvGmmpzhzQ
642,chadwildclay,"Pel?­culas, Humor",14800000,Estados Unidos,864700,17500,3200,http://youtube.com/channel/UCwaNuezahYT3BOjfXsne2mg
643,auron,"Pel?­culas, Animaci?³n",14800000,M?©xico,1100000,48800,861,http://youtube.com/channel/UCFR2oaNj02WnXkOgLH0iqOA
644,E_MasterSensei,"Pel?­culas, Videojuegos",14800000,M?©xico,519800,32200,459,http://youtube.com/channel/UC3osN7-7XJq3NEoKZIUUx0w
645,MartinGarrix,M??sica y baile,14800000,Estados Unidos,40700,4000,130,http://youtube.com/channel/UC5H_KXkPbEsGs0tFt8R35mA
647,collegehumor,"Pel?­culas, Humor",14800000,Estados Unidos,212000,10100,487,http://youtube.com/channel/UCPDXXXJj9nax0fr0Wfc048g
648,BBCNews,Noticias y Pol?­tica,14800000,Estados Unidos,66300,913,444,http://youtube.com/channel/UC16niRr50-MSBwiO3YDb3RA
649,DocTops,Animaci?³n,14800000,M?©xico,1300000,45200,881,http://youtube.com/channel/UCAolsolgHiURrQBuZ4qe0lg
650,PrestonPlayz,"Animaci?³n, Videojuegos",14800000,Estados Unidos,787300,11900,686,http://youtube.com/channel/UCJZam2u1G0syq3kyqrCXrNw
656,cokestudio,"M??sica y baile, Pel?­culas",14700000,Pakist??n,1800000,1400,47,http://youtube.com/channel/UCM1VesJtJ9vTXcMLLr_FfdQ
661,rebeccazamolo,"Videojuegos, Humor",14600000,Estados Unidos,2900000,30400,2600,http://youtube.com/channel/UCfw8x3VR-ElcaWW2Tg_jgSA
666,TheDodo,Animales y mascotas,14600000,Estados Unidos,462900,12300,412,http://youtube.com/channel/UCINb0wqPz-A0dV9nARjJlOQ
670,legendaefunk,"M??sica y baile, Animaci?³n",14600000,Brasil,3700,154,8,http://youtube.com/channel/UCgO5cJ4sL1um054gGYusjiA
671,woodyandkleiny,"Videojuegos, Humor",14600000,Estados Unidos,524900,35100,86,http://youtube.com/channel/UCoGForHQAmk0_9rI9CABeYw
672,NobruTV,"Pel?­culas, Animaci?³n",14600000,Brasil,367300,31300,125,http://youtube.com/channel/UCqWmLengIKFXRjuL1YyXNSg
673,reactiontime,"Animaci?³n, Humor",14600000,Estados Unidos,12600,681,30,http://youtube.com/channel/UChM5Ff2yVeIZ16EWiB081cg
674,TommyInnit,"Videojuegos, Humor",14600000,Estados Unidos,1400000,99000,4900,http://youtube.com/channel/UC5p_l5ZeB_wGjO_yDXwiqvw
675,LillySingh,"Animaci?³n, Humor",14600000,Estados Unidos,54700,3600,55,http://youtube.com/channel/UCfm4y4rHF5HGrSr-qbvOwOg
678,IanBoggs,"Pel?­culas, Humor",14500000,Estados Unidos,2500000,175300,1800,http://youtube.com/channel/UC9yadlAEiyOUNa3y4dnuYFg
679,Drawblogs,"Pel?­culas, Animaci?³n",14400000,M?©xico,9300,446,25,http://youtube.com/channel/UCkuPobJMx7DPUdwlVo1TFfA
680,RosannaPansino,DIY y Life Hacks,14400000,Estados Unidos,48500,3300,31,http://youtube.com/channel/UCjwmbv6NE4mOh8Z8VhPUx1Q
682,CrescendocomLuluca,Animaci?³n,14400000,Brasil,768300,31200,1700,http://youtube.com/channel/UCnrGkE2AmBAv6Vxj6kjf1jg
683,AlexaRivera,"Animaci?³n, Humor",14400000,Estados Unidos,3500000,87700,2500,http://youtube.com/channel/UCPpATKqmMV-CNRNWYaDUwiA
685,WishFM1075official,M??sica y baile,14400000,Filipinas,49400,711,73,http://youtube.com/channel/UCdfq8-581QVUtVsa8ChVnDQ
686,BobonSantoso,"M??sica y baile, Pel?­culas",14400000,Indonesia,242200,7100,137,http://youtube.com/channel/UCCeJqNJdhaydrlubVLzyErQ
687,nikkietutorials,"Dise?±o/arte, Belleza",14400000,Estados Unidos,2700000,152400,1100,http://youtube.com/channel/UCzTKskwIc_-a0cGvCXA848Q
688,Compot,Videojuegos,14400000,Rusia,1000000,40600,1700,http://youtube.com/channel/UC0cWWruNMb95iCBEOzPnjRA
690,JamunaTVbd,Noticias y Pol?­tica,14300000,Bangladesh,3800,70,11,http://youtube.com/channel/UCN6sm8iHiPd0cnoUardDAnw
694,ETVJabardasth,Humor,14300000,India,70800,1700,4,http://youtube.com/channel/UCnoqvTW4YZExfDeq7_Wmd-w
695,Jazzghost,"Animaci?³n, Videojuegos",14200000,Brasil,1400000,61500,2100,http://youtube.com/channel/UCIXguhHCl8eDTkXpEuiGPUA
697,airrack,"Videojuegos, Humor",14200000,Estados Unidos,4400000,192700,6400,http://youtube.com/channel/UCyps-v4WNjWDnYRKmZ4BUGw
698,inventonahora,"Pel?­culas, Humor",14200000,Brasil,466900,47500,447,http://youtube.com/channel/UCR3vcUrhFUdzagng58ueI2w
700,nehakakkar,M??sica y baile,14200000,India,320100,25600,284,http://youtube.com/channel/UCicMnWThgzNjUmqpd-nUTXQ
703,veritasium,Ciencia y tecnolog?­a,14200000,Estados Unidos,2800000,110800,7500,http://youtube.com/channel/UCHnyfMqiRRG1u-2MsSQLbXA
705,karameeshchannel,M??sica y baile,14200000,Jordania,267600,1900,0,http://youtube.com/channel/UCZ7V5FSAdPkRjPf64pPx9-Q
706,AM3NlC,Coches y veh?­culos,14200000,Brasil,329100,25200,303,http://youtube.com/channel/UCrGnb5RdHA9M6WGmBGYo4ZQ
711,trapcity,M??sica y baile,14200000,Estados Unidos,17500,734,30,http://youtube.com/channel/UC65afEgL62PGFWXY7n6CUbA
712,refugiomental6032,Pel?­culas,14200000,Argentina,76600,1200,22,http://youtube.com/channel/UCgQRN9EO5ksPZjs7EasIftQ
715,thinkmusicofficial,M??sica y baile,14200000,India,41900,1000,19,http://youtube.com/channel/UCLbdVvreihwZRL6kwuEUYsA
716,tseriesregional,M??sica y baile,14200000,India,6900,59,5,http://youtube.com/channel/UCy2fvV-mH_4AcIgqnLg9uDw
717,MasterskayaNastroeny,"Pel?­culas, Videojuegos",14100000,Rusia,125600,2700,81,http://youtube.com/channel/UCRW3VLiVep5Ud4Ovhj2eUyA
718,theHacksmith,Videojuegos,14100000,Estados Unidos,174900,10200,102,http://youtube.com/channel/UCjgpFI5dU-D1-kh9H1muoxQ
719,StrayKids,"M??sica y baile, Pel?­culas",14100000,Estados Unidos,839600,146500,4300,http://youtube.com/channel/UC9rMiEjNaCSsebs31MRDCRA
722,RaptorGamer,"Animaci?³n, Videojuegos",14000000,M?©xico,257400,19900,319,http://youtube.com/channel/UCS4OZlj8753fezBtH62TRDg
724,OQueNaoDizerOficial,"Pel?­culas, Animaci?³n",14000000,Brasil,61400,7300,94,http://youtube.com/channel/UC19aAr6UojQesIVCBsXJGIw
726,Acenix,"Animaci?³n, Videojuegos",14000000,M?©xico,741100,23400,821,http://youtube.com/channel/UCH3h4jRKn3lJo0uORqqESPg
733,adeletsami3286,"Animaci?³n, Humor, Juguetes",13900000,Francia,8000,37,0,http://youtube.com/channel/UCPalOwaTaSwFS4PANDNv7Zg
734,123GOSpanish,Animaci?³n,13900000,M?©xico,60400,547,15,http://youtube.com/channel/UCYtt2TP3sqR9_qXnc1G4eRA
737,wesleysafadao,M??sica y baile,13900000,Brasil,162700,4600,139,http://youtube.com/channel/UCciJLMuECsXuOyhA4FO48Sg
738,BBC,"Pel?­culas, Animaci?³n",13800000,Reino Unido,9900,226,5,http://youtube.com/channel/UCCj956IF62FbT7Gouszaj9w
739,nishamadhulika,Comida y bebida,13800000,India,132400,3200,538,http://youtube.com/channel/UCgoxyzvouZM-tCgsYzrYtyg
740,AdamW,"Animaci?³n, Humor",13800000,Estados Unidos,2900000,98200,470,http://youtube.com/channel/UC_k6e2PPDUnxEdMJC9Q044g
741,FAPTV,"Animaci?³n, Humor",13800000,Estados Unidos,75100,2300,14,http://youtube.com/channel/UC0jDoh3tVXCaqJ6oTve8ebA
743,jbalvinVEVO,"M??sica y baile, Pel?­culas",13800000,Colombia,0,0,0,http://youtube.com/channel/UCrHL_BF5lHyK43BxLU8-vBQ
745,jojotvhindi,M??sica y baile,13800000,India,19700,499,0,http://youtube.com/channel/UCAXe-dTMWRcqDdt5pYLwHCA
746,MAIKI021,"Animaci?³n, Humor",13800000,Brasil,6000,754,62,http://youtube.com/channel/UCXhDFaOPG2zhiYm9eXuMKkA
747,penguinz0,Pel?­culas,13800000,Estados Unidos,1700000,71600,4500,http://youtube.com/channel/UCq6VFHwMzcMXbuKyG7SQYIg
750,blockbustermovies7960,Vlogs diarios,13800000,India,8700,174,2,http://youtube.com/channel/UCW3VI9s3Dw8o1ekgjI3FCzw
751,ZeinabHarakeVlogs,Humor,13800000,Filipinas,2800000,94000,3700,http://youtube.com/channel/UC-j7tR3DhEt85EM9HbvxXqA
752,gmanews,Noticias y Pol?­tica,13800000,Filipinas,3400,48,4,http://youtube.com/channel/UCqYw-CTd1dU2yGI71sEyqNw
754,TypicalGamer,Videojuegos,13800000,Estados Unidos,284700,7400,210,http://youtube.com/channel/UC2wKfjlioOCLP4xQMOWNcgg
755,mymissanand,"Pel?­culas, Humor",13700000,India,965100,17300,1000,http://youtube.com/channel/UCpCWa9f5_J3PqY-_Lg-_QfQ
757,ladydiana11,"M??sica y baile, Humor",13700000,Rusia,2600000,58300,3500,http://youtube.com/channel/UCCB4-saKfwGbUFO2-rRdUqQ
758,AmaraQueLinda,Vlogs diarios,13600000,Colombia,719100,59000,172,http://youtube.com/channel/UChq_qmwRxTMgmggitRTiIEA
759,BUDI01GAMING,"Pel?­culas, Animaci?³n",13600000,Indonesia,625000,26000,1300,http://youtube.com/channel/UC8qp0ZmavLOGeSdLxSUZO8w
760,lunomosik,Videojuegos,13600000,Rusia,1400000,27500,1200,http://youtube.com/channel/UCdKEBeInDzinQ6MG2HkF7Gw
762,TrakinTech,Noticias y Pol?­tica,13600000,India,418000,22800,817,http://youtube.com/channel/UCEPL07qzVsOcHd3sMUws65g
763,Vogue,Moda,13600000,Estados Unidos,114800,5700,44,http://youtube.com/channel/UCRXiA3h1no_PFkb1JCP0yMA
766,awakeningrecords,M??sica y baile,13600000,Indonesia,15300,675,35,http://youtube.com/channel/UCBq5hp6DvwWam2XOXw6lYJA
769,BanderitaX,"Animaci?³n, Videojuegos",13600000,Arabia Saudita,1200000,88200,4600,http://youtube.com/channel/UCxEGVXh6fi-XYo58NZrbIHQ
770,Anaysa,"Pel?­culas, Humor",13600000,India,94900,4900,76,http://youtube.com/channel/UCuN4A3GCUq5-0wJDSiJoxRQ
771,Painzeiro,Vlogs diarios,13600000,Brasil,351800,7500,319,http://youtube.com/channel/UCCnl0HqjHFj6akQZBW81whQ
772,PozziGamer,"Animaci?³n, Videojuegos",13600000,Rusia,391900,15400,1000,http://youtube.com/channel/UCuZeiI5pdpgqDojXZujoYgg
773,ConorMaynard,M??sica y baile,13600000,Estados Unidos,52200,2600,131,http://youtube.com/channel/UCpmD3iT-8TQzRuygIiS9bAw
774,Wengie,Comida y bebida,13600000,Estados Unidos,17000,1200,137,http://youtube.com/channel/UCD9PZYV5heAevh9vrsYmt1g
775,ryan,Pel?­culas,13600000,Estados Unidos,7000000,222800,11500,http://youtube.com/channel/UCnmGIkw-KdI0W5siakKPKog
777,sportsnationespn,Deportes,13500000,Estados Unidos,114000,3700,39,http://youtube.com/channel/UCQZi2YXSxc6BSK4mZHql8ag
781,MattSDance,"M??sica y baile, Pel?­culas",13400000,Estados Unidos,54200,2700,24,http://youtube.com/channel/UCczFdwWpVEpoqb-eMm4c4dQ
785,SonotekBhakti,M??sica y baile,13400000,India,4400,109,13,http://youtube.com/channel/UC3oQ1986eLZ4MhyPBiu54PA
786,H2ODelirious,"Animaci?³n, Videojuegos",13400000,Estados Unidos,153900,6600,163,http://youtube.com/channel/UCClNRixXlagwAd--5MwJKCw
787,athleanx,"Fitness, Salud y autoayuda",13400000,Estados Unidos,340400,13000,926,http://youtube.com/channel/UCe0TLA0EsQbE-MjuHXevj2A
788,TheInfographicsShow,Educaci?³n,13400000,Estados Unidos,162500,5700,232,http://youtube.com/channel/UCfdNM3NAhaBOXCafH7krzrA
789,theRadBrad,"Animaci?³n, Videojuegos",13400000,Estados Unidos,76600,3200,182,http://youtube.com/channel/UCpqXJOEqGS-TCnazcHCo0rA
790,LofiGirl,Humor,13400000,Estados Unidos,139000,8500,132,http://youtube.com/channel/UCSJ4gkVC6NrvII8umztf0Ow
792,AzzyLand,Animaci?³n,13400000,Estados Unidos,115600,3600,472,http://youtube.com/channel/UCzeB_0FNcPIyUSjL_TL5lEw
793,BrawlStars,Animaci?³n,13400000,Estados Unidos,1500000,98400,2700,http://youtube.com/channel/UCooVYzDxdwTtGYAkcPmOgOw
794,einerdtv,"Pel?­culas, Animaci?³n",13400000,Brasil,155100,22400,614,http://youtube.com/channel/UCt_4wzTQqmcUvemNkeO0plA
795,AlexGonzagaOfficial,"Pel?­culas, Humor",13400000,Filipinas,1600000,36300,1100,http://youtube.com/channel/UC6N-9Wh0DYhDI8sQS7jwjVA
800,OficialHungria,M??sica y baile,13300000,Brasil,75000,7400,132,http://youtube.com/channel/UCAI8SmRbXgSpP8Zo3xZbxzQ
801,prantoniojunior,M??sica y baile,13300000,Brasil,246300,46500,5100,http://youtube.com/channel/UCKEM87jzVqdIfAdTr0xNBfA
802,Akon,M??sica y baile,13200000,Brasil,32000,1900,91,http://youtube.com/channel/UC6IBMCQ6-d7p41KHxOsq4RA
803,knowledgetvhindi001,Educaci?³n,13200000,India,58100,2300,87,http://youtube.com/channel/UC-iSP6GoVwofKXs6Ei0PdlA
805,MARIANAMIAMORCH,Pel?­culas,13200000,M?©xico,533700,32300,330,http://youtube.com/channel/UCwm_7WWX8mQ1kjSRzAnD0iQ
806,NickPro,Deportes,13200000,Estados Unidos,12200000,286000,245,http://youtube.com/channel/UChCBHudFoBnsF0O1flPXqiQ
807,RauwAlejandroTv,M??sica y baile,13200000,Per??,219400,7300,367,http://youtube.com/channel/UC_Av98lDjf5KvFib5elhpYg
809,klara_tania,"Pel?­culas, Animaci?³n",13200000,Indonesia,834500,47500,245,http://youtube.com/channel/UC4rHBMP2rGPuFk9F-JlGzbQ
810,Caylus,"Animaci?³n, Videojuegos",13200000,Estados Unidos,477600,11800,789,http://youtube.com/channel/UCVAYy7_zddIx6USjXscV9Vg
811,AlArabiya,Noticias y Pol?­tica,13200000,Marruecos,5000,90,5,http://youtube.com/channel/UCahpxixMCwoANAftn6IxkTg
816,CznBurak,Vlogs diarios,13100000,Turqu?­a,1400000,72500,1000,http://youtube.com/channel/UCUcfej7lPDoeqTlferD2mcw
820,ColeAndSav,Vlogs diarios,13000000,Estados Unidos,322100,10100,0,http://youtube.com/channel/UC4-CH0epzZpD_ARhxCx6LaQ
821,gymvirtual,"Fitness, Salud y autoayuda",13000000,M?©xico,50900,1900,49,http://youtube.com/channel/UCfwP2H1CDJvssk6g2pm8EgA
823,KiryaKolesnikov,Vlogs diarios,13000000,Estados Unidos,54700,1900,7,http://youtube.com/channel/UCb1FVtN2EvxaeoBBMtOXg7g
827,Chustertv,Videojuegos,13000000,Espa?±a,1600000,96300,296,http://youtube.com/channel/UCKEiTu4t6o2Y9hnqOS-GUgw
828,francoescamilla,"Pel?­culas, Humor",13000000,M?©xico,560000,11800,288,http://youtube.com/channel/UCUjrDJokSX8JavRwy5iUOkA
829,sulgiyang,"ASMR, Comida y bebida",13000000,Estados Unidos,557500,8600,349,http://youtube.com/channel/UCIafb9ExBkh4WsCOagZssZA
830,TalkingAngela,M??sica y baile,13000000,Estados Unidos,53000,360,0,http://youtube.com/channel/UCPcynnZcILjm0e2aaaTuCjw
831,officialjassrecords,M??sica y baile,13000000,India,12800,662,7,http://youtube.com/channel/UC9Gjog4enoDWRWTaYuamx1g
836,dhruvrathee,Noticias y Pol?­tica,12900000,India,6400000,328000,10000,http://youtube.com/channel/UC-CSyyi47VX1lD9zyeABW3w
843,EnglishConnectionByKanchan,Educaci?³n,12800000,India,247400,15200,279,http://youtube.com/channel/UCsUBoYj2kqgj72g6kgzGPMg
847,NANDO,"Animaci?³n, Humor",12800000,Colombia,208300,13000,70,http://youtube.com/channel/UCqma_8hr8yOgr37wdUY-E7Q
848,elliegouldingofficial,M??sica y baile,12800000,Estados Unidos,0,0,0,http://youtube.com/channel/UCt-am4x4ZyeohfgM85qFgdQ
849,AdexeyNau,M??sica y baile,12800000,M?©xico,13100,1500,62,http://youtube.com/channel/UCKR6KdJmTdhLVQJnoJu9tRQ
850,NDTV,Noticias y Pol?­tica,12800000,India,1400,10,1,http://youtube.com/channel/UCZFMm1mMw0F81Z37aaEzTUA
851,piuzinho,"Animaci?³n, Humor",12800000,Brasil,527100,107700,3800,http://youtube.com/channel/UCIvBHgnnLSVr9enuPvBuwyw
854,FlowersComedy,Humor,12800000,India,101900,1000,169,http://youtube.com/channel/UCmAPdImtXLGh5E-lTTH4Qmg
855,FirstWeFeast,Pel?­culas,12800000,Estados Unidos,157600,5500,86,http://youtube.com/channel/UCPD_bxCRGpmmeQcbe2kpPaA
857,Littleglove,Vlogs diarios,12800000,India,1100000,61700,221,http://youtube.com/channel/UC2MRRqb_L2E53UmTaywdhkA
859,refugiomental6818,"Pel?­culas, Animaci?³n",12700000,Brasil,107400,2700,28,http://youtube.com/channel/UChYkldqKWymAKTsPku_tDfg
860,Yair17,"Pel?­culas, Animaci?³n",12600000,M?©xico,159800,14700,411,http://youtube.com/channel/UCXH1p4gixwXwrUGSx-WvLNQ
862,MasSKabeche,"Pel?­culas, Animaci?³n",12600000,M?©xico,0,0,0,http://youtube.com/channel/UC0n5Ihqix8mEqGsjygiJk6Q
864,TheDaniRep,"Animaci?³n, Videojuegos",12600000,M?©xico,195500,19600,95,http://youtube.com/channel/UCHIwQiZhIn6fm5b_IilqBbQ
865,parafernalha,"Pel?­culas, Humor",12600000,Brasil,84900,6300,55,http://youtube.com/channel/UCddYq41_tZ1FnLlguLT6-Ow
866,TimbaVk,"Animaci?³n, Videojuegos",12600000,M?©xico,414000,15200,472,http://youtube.com/channel/UCp7wTrsCU7eICb5z69D3rwA
867,NasDaily,Educaci?³n,12600000,Estados Unidos,448700,19300,793,http://youtube.com/channel/UCJsUvAqDzczYv2UpFmu4PcA
868,TroomTroom_Indonesia,"M??sica y baile, Pel?­culas",12600000,Indonesia,59800,509,16,http://youtube.com/channel/UCtGmhXT_NSTK5j_r9a9xdYA
869,casey,Pel?­culas,12600000,Estados Unidos,0,0,0,http://youtube.com/channel/UCtinbF-Q-fVthA0qrFQTgXQ
871,jtcasey,"Animaci?³n, Humor",12600000,Estados Unidos,156600,7400,136,http://youtube.com/channel/UCTGOuh9b_Su2k5xEARHCQQA
872,aljazeera,Noticias y Pol?­tica,12600000,Marruecos,7000,105,14,http://youtube.com/channel/UCfiwzLy-8yKzIbsmZTzxDgw
873,WildNOut,"M??sica y baile, Humor",12600000,Estados Unidos,228400,8600,176,http://youtube.com/channel/UCrkzfc2yf-7q6pd7EtzgNaQ
876,AvrilLavigne,M??sica y baile,12600000,Estados Unidos,53600,5700,197,http://youtube.com/channel/UC_k8KFBzEf0uQ8LRFSAgSUA
878,QuantumTech,Ciencia y tecnolog?­a,12600000,Estados Unidos,185300,2300,55,http://youtube.com/channel/UC4Tklxku1yPcRIH0VVCKoeA
881,TroomTroom_Pt,Animaci?³n,12600000,Brasil,43700,971,14,http://youtube.com/channel/UCgCQlMYN2XypwYC2wcR32bA
883,redbull,Deportes,12600000,Estados Unidos,1400000,52300,322,http://youtube.com/channel/UCblfuW_4rakIf2h6aqANefA
887,colinfurze,Videojuegos,12600000,Estados Unidos,1500000,69600,2600,http://youtube.com/channel/UCp68_FLety0O-n9QU6phsgw
888,justinflom,"Pel?­culas, Humor",12600000,Estados Unidos,791700,18100,188,http://youtube.com/channel/UCb9A6uotqUiuVCvVp4GMqOg
889,PeopleVsFood,Comida y bebida,12600000,Estados Unidos,388300,14200,789,http://youtube.com/channel/UCHEf6T_gVq4tlW5i91ESiWg
893,healthtime6469,Vlogs diarios,12500000,India,3300,115,4,http://youtube.com/channel/UCPMqs8vxEwbie26nFA3ykAw
895,HeroMovies2023,Vlogs diarios,12500000,India,7100,215,2,http://youtube.com/channel/UCGzmSVjq_yQRgcgpA9SBTjw
896,CalvinHarrisVEVO,M??sica y baile,12500000,Estados Unidos,71300,3500,156,http://youtube.com/channel/UCaHNFIob5Ixv74f5on3lvIw
900,TheKingofRandom,DIY y Life Hacks,12400000,Estados Unidos,32700,1000,86,http://youtube.com/channel/UC1zZE_kJ8rQHgLTVfobLi_g
902,ArynewsTvofficial,Noticias y Pol?­tica,12400000,Pakist??n,3600,75,2,http://youtube.com/channel/UCMmpLL2ucRHAXbNHiCPyIyg
903,MakeJokeOf,"Pel?­culas, Animaci?³n",12400000,India,7400000,343000,12000,http://youtube.com/channel/UCvgteBQjoaxE0bhFkpu8qAw
905,ctctv,"Pel?­culas, Animaci?³n",12400000,Rusia,39900,940,20,http://youtube.com/channel/UCdmauIL-k-djcct-yMrf82A
906,TalentRecap,"M??sica y baile, Pel?­culas",12400000,Estados Unidos,52100,544,36,http://youtube.com/channel/UCSWwb_YyNB8vuC1VDcfPPaQ
909,OliviaRodrigo,M??sica y baile,12400000,Estados Unidos,1600000,78000,2400,http://youtube.com/channel/UCy3zgWom-5AGypGX_FVTKpg
910,GrandmasterJinBodhi,Animaci?³n,12400000,Singapur,26400,639,26,http://youtube.com/channel/UCBuBSRtY41VzSkP_RR3IVoQ
912,_gogo2728,Vlogs diarios,12400000,India,86700,8200,37,http://youtube.com/channel/UCUpS9qH3N5rFy51Ft-rYsnA
913,FilmTheory,"Pel?­culas, Animaci?³n",12400000,Estados Unidos,1200000,71500,4500,http://youtube.com/channel/UC3sznuotAs2ohg_U__Jzj_Q
914,HISTORY,Pel?­culas,12400000,Estados Unidos,108200,1900,167,http://youtube.com/channel/UC9MAhZQQd9egwWCxrwSIsJQ
915,NattiNatasha,M??sica y baile,12400000,Estados Unidos,56300,3400,65,http://youtube.com/channel/UCu59H8LNti6mwvcGRMge5PA
916,123GO_,DIY y Life Hacks,12400000,Estados Unidos,133200,549,26,http://youtube.com/channel/UCBXNpF6k2n8dsI6nBH8q4sQ
918,belabagunca,"Pel?­culas, Animaci?³n",12400000,Brasil,114900,3900,87,http://youtube.com/channel/UChYWDADhmWJU6_X7Vm7FzDw
919,BlackEyedPeas,M??sica y baile,12400000,Estados Unidos,10100,498,9,http://youtube.com/channel/UCBFaOy1_APEXEyA6Gws_Y1g
920,rathorvideo,M??sica y baile,12400000,India,5300,55,4,http://youtube.com/channel/UCbSGbqIVds2FiYn-0v0AqSA
921,InsideEdition,Noticias y Pol?­tica,12400000,Estados Unidos,65800,1700,173,http://youtube.com/channel/UC9k-yiEpRHMNVOnOi_aQK8w
922,Panda.,"Animaci?³n, Videojuegos",12400000,India,839300,70100,800,http://youtube.com/channel/UCj0sKQk9qjiIfNH22ZBWpxw
924,WatchMeOff,"Pel?­culas, Animaci?³n",12300000,Rusia,749800,20200,89,http://youtube.com/channel/UCGTl_sQxago30b5vfoMomCg
925,LuanSantana,M??sica y baile,12300000,Brasil,1200000,50000,1500,http://youtube.com/channel/UC6rwiIxv0w2fbmmr66wl1rA
929,LipaoGamer,"Pel?­culas, Animaci?³n",12200000,Brasil,130100,5100,86,http://youtube.com/channel/UCHuZmQ0lSW8TG81dVZZh5rw
930,lilwayne,Coches y veh?­culos,12200000,Estados Unidos,203700,11100,576,http://youtube.com/channel/UCO9zJy7HWrIS3ojB4Lr7Yqw
931,natandessie,"Juguetes, DIY y Life Hacks",12200000,Estados Unidos,62600,256,0,http://youtube.com/channel/UCzIdYMdAtTsWucGCZyZvN6w
933,yogawithadriene,Fitness,12200000,Estados Unidos,0,0,0,http://youtube.com/channel/UCFKE7WVJfvaHW5q283SxchA
934,SPDNOO1,Humor,12200000,Tailandia,1600000,62500,137,http://youtube.com/channel/UCiHQ5AywCFKF6q-C5dIguVQ
939,brancoala,"Pel?­culas, Animaci?³n",12200000,Brasil,343100,6200,204,http://youtube.com/channel/UC0otZdGYsA9KqVKAcn2peQA
942,flamingo,"Animaci?³n, Videojuegos",12200000,Estados Unidos,1800000,71300,8800,http://youtube.com/channel/UCm-X6o81nRsXQTmqpyArkBQ
943,OumWalidcuisine,Educaci?³n,12200000,Argelia,333500,16000,791,http://youtube.com/channel/UCVXD2kNki3rfLMhF8uNIcBQ
944,elrubius,"Pel?­culas, Animaci?³n",12200000,M?©xico,1100000,85600,934,http://youtube.com/channel/UCcjIvuxmWlS5IEQ0JdPV4Ng
945,Aniruddhacharyaji,Vlogs diarios,12100000,India,116400,3600,192,http://youtube.com/channel/UCDe0DwkMVFfSIoiYdQUPQmQ
946,SaregamaHumBhojpuri,M??sica y baile,12100000,India,39300,2200,40,http://youtube.com/channel/UC0J8BQahplvTY6LjlnLf_NQ
948,HiTechIslamic,M??sica y baile,12100000,Pakist??n,62200,810,59,http://youtube.com/channel/UCtKKyuORzErSd7TWfkunxsw
949,CarryisLive,"Pel?­culas, Humor",12000000,India,0,0,0,http://youtube.com/channel/UC0IWRLai-BAwci_e9MylNGw
950,Family-Box,Pel?­culas,12000000,Rusia,173600,6600,105,http://youtube.com/channel/UC-jHNWViReG6R_kJ6b45FdQ
951,AnnoyingOrange,"Pel?­culas, Animaci?³n",12100000,Estados Unidos,187200,6900,445,http://youtube.com/channel/UCi-5OZ2tYuwMLIcEyOsbdRA
952,timesmusicindia,M??sica y baile,12100000,India,5400,265,7,http://youtube.com/channel/UCo07fumrTn1w4AxcU4j_uDw
954,HiTechIslamic,M??sica y baile,12100000,Pakist??n,62200,810,59,http://youtube.com/channel/UCtKKyuORzErSd7TWfkunxsw
955,HeeraGoldOfficial,Vlogs diarios,12000000,Pakist??n,30600,953,70,http://youtube.com/channel/UC9dfnBWlg5h1Fr5_w8rjZyg
956,ChainsmokersVEVO,M??sica y baile,12000000,Estados Unidos,406600,16300,663,http://youtube.com/channel/UCRzzwLpLiUNIs6YOPe33eMg
957,Family-Box,Pel?­culas,12000000,Rusia,177400,6300,86,http://youtube.com/channel/UC-jHNWViReG6R_kJ6b45FdQ
959,dojacat,M??sica y baile,11900000,Estados Unidos,13600000,395300,73000,http://youtube.com/channel/UCzpl23pGTHVYqvKsgY0A-_w
963,CNCOMusic,M??sica y baile,11900000,M?©xico,8400,2100,83,http://youtube.com/channel/UCqtHOqxV71OQ-fmLdI8rBYw
964,SingleTrackStudioz,M??sica y baile,11900000,India,20300,351,16,http://youtube.com/channel/UCOo61v1PPAjoN2exxYAzdAw
966,mmdcrew,"M??sica y baile, Pel?­culas",11900000,Rusia,3100000,189900,4800,http://youtube.com/channel/UCWnqnojAgMdN0fQpr_xByJw
967,PlanetEarthINDIA,Vlogs diarios,11900000,India,12200,577,61,http://youtube.com/channel/UCMZ1mhXvZEhAEwVtAMmvioA
970,UTKARSHCLASSES13,Educaci?³n,11900000,India,79100,6300,136,http://youtube.com/channel/UCLuBF4Xr1-BIpcpFFm7zp7w
977,NickDiGiovanni,Comida y bebida,11900000,Estados Unidos,4300000,339800,2700,http://youtube.com/channel/UCMyOj6fhvKFMjxUCp3b_3gA
978,sagahits,M??sica y baile,11900000,India,25800,497,10,http://youtube.com/channel/UCuFwzKrS0wE43CSkyaHBGiQ
979,HikakinTV,Humor,11900000,Jap?³n,2100000,51000,2300,http://youtube.com/channel/UCZf__ehlCEBPop-_sldpBUQ
982,Enterr10Rangeela,M??sica y baile,11900000,India,20600,325,4,http://youtube.com/channel/UCR_-PUF53tA5-Iyp4Ncfjcg
983,KenhThieuNhiBHMedia,"M??sica y baile, Animaci?³n",11900000,Estados Unidos,10200,28,0,http://youtube.com/channel/UC6eq3sR4CtbvGdmInchzWUA
984,mussoumano,"M??sica y baile, Animaci?³n",11900000,Brasil,1600000,68700,2400,http://youtube.com/channel/UC607Gii1uo93qDqiGR6-c3w
986,lukedavidson81,"Animaci?³n, Humor",11800000,Estados Unidos,1700000,109200,1000,http://youtube.com/channel/UCuwJoiGWRxPYStBp0l0WuZw
988,NFL,Deportes,11700000,Estados Unidos,21400,692,42,http://youtube.com/channel/UCDVYQ4Zhbm3S2dlz7P1GBDg
989,MykeTowers,M??sica y baile,11700000,Colombia,11000,629,18,http://youtube.com/channel/UCLk8IJ1TwI7Xl7UUfAD8xPQ
990,cut,Humor,11700000,Estados Unidos,359000,8800,342,http://youtube.com/channel/UCbaGn5VkOVlcRgIWAHcrJKA
991,JoeHattab,Pel?­culas,11700000,Somalia,1900000,98500,2900,http://youtube.com/channel/UCe6eisvsctSPvBhmincn6kA
992,BeAmazed,Educaci?³n,11700000,Estados Unidos,477800,9900,556,http://youtube.com/channel/UCkQO3QsgTpNTsOw6ujimT5Q
1000,OneindiaHindi,Noticias y Pol?­tica,11700000,India,2200,31,1,http://youtube.com/channel/UCOjgc1p2hJ4GZi6pQQoXWYQ
